timestamp,linear_x,angular_z
1785243244729265315,0.0,0.0
1785243244834045437,0.0,0.0
1785243244934815244,0.0,0.0
1785243245035324778,0.0,0.0
1785243245136028248,0.0,0.0
1785243245236727819,0.0,0.0
1785243245337396010,0.0,0.0
1785243245437902228,0.0,0.0
1785243245538547044,0.0,0.0
1785243245640286473,0.0,0.0
1785243245743650129,0.0,0.0
1785243245847237838,0.0,0.0
1785243245947726653,0.0,0.0
1785243246045108136,0.0,0.0
1785243246145692966,0.0,0.0
1785243246246289068,0.0,0.0
1785243246346977137,0.0,0.0
1785243246447579160,0.0,0.0
1785243246548180331,0.0,0.0
1785243246648775512,0.0,0.0
1785243246749519739,0.0,0.0
1785243246850096914,0.0,0.0
1785243246950832365,0.0,0.0
1785243247051351749,0.0,0.0
1785243247152078312,0.0,0.0
1785243247253488712,0.0,0.0
1785243247353705229,0.0,0.0
1785243247454582525,0.0,0.0
1785243247557928787,0.0,0.0
1785243247660210624,0.0,0.0
1785243247760987833,0.0,0.0
1785243247861111338,0.0,0.0
1785243247961618214,0.0,0.0
1785243248062230549,0.0,0.0
1785243248163022364,0.0,0.0
1785243248263678167,0.0,0.0
1785243248364411593,0.0,0.0
1785243248468575938,0.0,0.0
1785243248568646951,0.0,0.0
1785243248669408688,0.0,0.0
1785243248770000114,0.0,0.0
1785243248870563340,0.0,0.0
1785243248971173375,0.0,0.0
1785243249071829378,0.0,0.0
1785243249074891976,0.005,0.0
1785243249179297431,0.01,0.0
1785243249286952641,0.01,0.0
1785243249383608199,0.01,0.0
1785243249480549462,0.01,0.0
1785243249581337785,0.01,0.0
1785243249681860190,0.01,0.0
1785243249751993247,0.015,0.0
1785243249852555421,0.02,0.0
1785243249953153550,0.02,0.0
1785243250053913723,0.02,0.0
1785243250154542248,0.02,0.0
1785243250255133383,0.02,0.0
1785243250359233622,0.02,0.0
1785243250467656689,0.02,0.0
1785243250564595717,0.02,0.0
1785243250665186592,0.02,0.0
1785243250765758045,0.02,0.0
1785243250866368572,0.02,0.0
1785243250967063507,0.02,0.0
1785243251067714869,0.02,0.0
1785243251169114297,0.02,0.0
1785243251268837934,0.02,0.0
1785243251369473003,0.02,0.0
1785243251470198339,0.02,0.0
1785243251572015284,0.02,0.0
1785243251676108500,0.02,0.0
1785243251776743630,0.02,0.0
1785243251877461299,0.02,0.0
1785243251978083074,0.02,0.0
1785243252078699006,0.02,0.0
1785243252179432062,0.02,0.0
1785243252282373836,0.02,0.0
1785243252383750604,0.02,0.0
1785243252482395379,0.02,0.0
1785243252583041308,0.02,0.0
1785243252687593933,0.02,0.0
1785243252784144573,0.02,0.0
1785243252884797798,0.02,0.0
1785243252985356217,0.02,0.0
1785243253087754618,0.02,0.0
1785243253187174836,0.02,0.0
1785243253287771901,0.02,0.0
1785243253388868452,0.02,0.0
1785243253489381232,0.02,0.0
1785243253590036210,0.02,0.0
1785243253690794189,0.02,0.0
1785243253795644384,0.02,0.0
1785243253892312402,0.02,0.0
1785243253992895550,0.02,0.0
1785243254093457828,0.02,0.0
1785243254194156311,0.02,0.0
1785243254294639273,0.02,0.0
1785243254396770316,0.02,0.0
1785243254496246329,0.02,0.0
1785243254596722038,0.02,0.0
1785243254697382747,0.02,0.0
1785243254802796962,0.02,0.0
1785243254900653788,0.02,0.0
1785243255001272686,0.02,0.0
1785243255101814585,0.02,0.0
1785243255202562455,0.02,0.0
1785243255307722632,0.02,0.0
1785243255404179881,0.02,0.0
1785243255504716106,0.02,0.0
1785243255605651601,0.02,0.0
1785243255706276229,0.02,0.0
1785243255806945895,0.02,0.0
1785243255907473234,0.02,0.0
1785243256008086850,0.02,0.0
1785243256108751506,0.02,0.0
1785243256209333641,0.02,0.0
1785243256310036683,0.02,0.0
1785243256417169773,0.02,0.0
1785243256511146366,0.02,0.0
1785243256613220614,0.02,0.0
1785243256712742980,0.02,0.0
1785243256813340917,0.02,0.0
1785243256913931087,0.02,0.0
1785243257014555836,0.02,0.0
1785243257058766885,0.0,0.0
1785243257164594818,0.0,0.0
1785243257264710765,0.0,0.0
1785243257366332467,0.0,0.0
1785243257466679365,0.0,0.0
1785243257567401153,0.0,0.0
1785243257668045560,0.0,0.0
1785243257768608137,0.0,0.0
1785243257869253135,0.0,0.0
1785243257973380418,0.0,0.0
1785243258072502034,0.0,0.0
1785243258173114258,0.0,0.0
1785243258273888618,0.0,0.0
1785243258374428120,0.0,0.0
1785243258475048179,0.0,0.0
1785243258575762743,0.0,0.0
1785243258676412280,0.0,0.0
1785243258776982602,0.0,0.0
1785243258877612570,0.0,0.0
1785243258984451539,0.0,0.0
1785243259083722956,0.0,0.0
1785243259187628708,0.0,0.0
1785243259282036396,0.0,0.0
1785243259382675497,0.0,0.0
1785243259483330174,0.0,0.0
1785243259584014128,0.0,0.0
1785243259688143698,0.0,0.0
1785243259788869303,0.0,0.0
1785243259889325973,0.0,0.0
1785243259989932466,0.0,0.0
1785243260090579999,0.0,0.0
1785243260191159479,0.0,0.0
1785243260291852770,0.0,0.0
1785243260392497467,0.0,0.0
1785243260493135412,0.0,0.0
1785243260593821284,0.0,0.0
1785243260699773827,0.0,0.0
1785243260795432031,0.0,0.0
1785243260896769410,0.0,0.0
1785243260997353169,0.0,0.0
1785243261098065879,0.0,0.0
1785243261198753029,0.0,0.0
1785243261299593969,0.0,0.0
1785243261401171698,0.0,0.0
1785243261501357891,0.0,0.0
1785243261601881782,0.0,0.0
1785243261702528783,0.0,0.0
1785243261803247886,0.0,0.0
1785243261903890439,0.0,0.0
1785243262004467163,0.0,0.0
1785243262105124595,0.0,0.0
1785243262206759957,0.0,0.0
1785243262308935220,0.0,0.0
1785243262411633588,0.0,0.0
1785243262508336360,0.0,0.0
1785243262608988783,0.0,0.0
1785243262709650362,0.0,0.0
1785243262810336020,0.0,0.0
1785243262911005085,0.0,0.0
1785243263017396289,0.0,0.0
1785243263112176048,0.0,0.0
1785243263212665934,0.0,0.0
1785243263313387910,0.0,0.0
1785243263414002642,0.0,0.0
1785243263514643163,0.0,0.0
1785243263615209313,0.0,0.0
1785243263715770093,0.0,0.0
1785243263816388773,0.0,0.0
1785243263916849789,0.0,0.0
1785243264019999029,0.0,0.0
1785243264120881777,0.0,0.0
1785243264221744311,0.0,0.0
1785243264322543874,0.0,0.0
1785243264423334488,0.0,0.0
1785243264529437611,0.0,0.0
1785243264628839395,0.0,0.0
1785243264729453797,0.0,0.0
1785243264830119225,0.0,0.0
1785243264930807396,0.0,0.0
1785243265031333378,0.0,0.0
1785243265132151168,0.0,0.0
1785243265232548066,0.0,0.0
1785243265336052104,0.0,0.0
1785243265436492917,0.0,0.0
1785243265540114697,0.0,0.0
1785243265647726207,0.0,0.0
1785243265741269330,0.0,0.0
1785243265841971778,0.0,0.0
1785243265942455732,0.0,0.0
1785243266043515628,0.0,0.0
1785243266146760935,0.0,0.0
1785243266247623848,0.0,0.0
1785243266348005258,0.0,0.0
1785243266448601255,0.0,0.0
1785243266549243299,0.0,0.0
1785243266649963791,0.0,0.0
1785243266750680295,0.0,0.0
1785243266851110980,0.0,0.0
1785243266955665017,0.0,0.0
1785243267055613687,0.0,0.0
1785243267156224101,0.0,0.0
1785243267263612717,0.0,0.0
1785243267357388141,0.0,0.0
1785243267458088627,0.0,0.0
1785243267558718598,0.0,0.0
1785243267659346034,0.0,0.0
1785243267759922744,0.0,0.0
1785243267863573459,0.0,0.0
1785243267961265834,0.0,0.0
1785243268059877960,0.0,0.0
1785243268160630293,0.0,0.0
1785243268261109528,0.0,0.0
1785243268361769957,0.0,0.0
1785243268462482954,0.0,0.0
1785243268508265047,0.0,0.0
1785243268602659904,0.0,0.0
1785243268703363514,0.0,0.0
1785243268803862387,0.0,0.0
1785243268904479454,0.0,0.0
1785243269005122710,0.0,0.0
1785243269105790503,0.0,0.0
1785243269206365189,0.0,0.0
1785243269307013946,0.0,0.0
1785243269410203272,0.0,0.0
1785243269517028660,0.0,0.0
1785243269613435772,0.0,0.0
1785243269712401353,0.0,0.0
1785243269813042321,0.0,0.0
1785243269913800017,0.0,0.0
1785243270014366861,0.0,0.0
1785243270115005675,0.0,0.0
1785243270204223005,0.0,0.0
1785243270304867030,0.0,0.0
1785243270405413083,0.0,0.0
1785243270506083709,0.0,0.0
1785243270606709618,0.0,0.0
1785243270707330768,0.0,0.0
1785243270807968029,0.0,0.0
1785243270908560483,0.0,0.0
1785243271009363657,0.0,0.0
1785243271110011517,0.0,0.0
1785243271165734177,0.005,0.0
1785243271262817817,0.01,0.0
1785243271363434856,0.01,0.0
1785243271464002819,0.01,0.0
1785243271558673101,0.015,0.0
1785243271659219723,0.02,0.0
1785243271759843314,0.02,0.0
1785243271860462297,0.02,0.0
1785243271925788643,0.025,0.0
1785243272025284849,0.03,0.0
1785243272126012464,0.03,0.0
1785243272226633690,0.03,0.0
1785243272330855196,0.03,0.0
1785243272431026056,0.03,0.0
1785243272531278646,0.03,0.0
1785243272632027972,0.03,0.0
1785243272732715128,0.03,0.0
1785243272833195640,0.03,0.0
1785243272934165546,0.03,0.0
1785243273034731736,0.03,0.0
1785243273135369264,0.03,0.0
1785243273235988668,0.03,0.0
1785243273336671665,0.03,0.0
1785243273437149393,0.03,0.0
1785243273537781531,0.03,0.0
1785243273638401967,0.03,0.0
1785243273743810913,0.03,0.0
1785243273843185233,0.03,0.0
1785243273943698671,0.03,0.0
1785243274044408831,0.03,0.0
1785243274144878152,0.03,0.0
1785243274245540318,0.03,0.0
1785243274351610012,0.03,0.0
1785243274451160485,0.03,0.0
1785243274554484488,0.03,0.0
1785243274652268206,0.03,0.0
1785243274752919462,0.03,0.0
1785243274853918654,0.03,0.0
1785243274954236831,0.03,0.0
1785243275055061805,0.03,0.0
1785243275155620791,0.03,0.0
1785243275258351023,0.03,0.0
1785243275359651027,0.03,0.0
1785243275463026721,0.03,0.0
1785243275562806425,0.03,0.0
1785243275663557800,0.03,0.0
1785243275764166483,0.03,0.0
1785243275864862806,0.03,0.0
1785243275965483772,0.03,0.0
1785243276066187239,0.03,0.0
1785243276166725284,0.03,0.0
1785243276267404895,0.03,0.0
1785243276368202867,0.03,0.0
1785243276468526684,0.03,0.0
1785243276571188532,0.03,0.0
1785243276669611559,0.03,0.0
1785243276774164913,0.03,0.0
1785243276874152767,0.034999999999999996,0.0
1785243276974773563,0.039999999999999994,0.0
1785243277075432033,0.04,0.0
1785243277113752524,0.045,0.0
1785243277220719545,0.049999999999999996,0.0
1785243277315284381,0.05,0.0
1785243277339321687,0.055,0.0
1785243277440105159,0.06,0.0
1785243277540664415,0.060000000000000005,0.0
1785243277641591859,0.060000000000000005,0.0
1785243277701654687,0.065,0.0
1785243277802209715,0.07,0.0
1785243277902801165,0.07,0.0
1785243278003369940,0.07,0.0
1785243278105837551,0.07,0.0
1785243278205766049,0.07,0.0
1785243278305504788,0.07,0.0
1785243278409760090,0.07,0.0
1785243278506643000,0.07,0.0
1785243278607324975,0.07,0.0
1785243278708056185,0.07,0.0
1785243278813833590,0.07,0.0
1785243278909867728,0.07,0.0
1785243279010522644,0.07,0.0
1785243279111343505,0.07,0.0
1785243279211797848,0.07,0.0
1785243279312475810,0.07,0.0
1785243279417668883,0.07,0.0
1785243279514331508,0.07,0.0
1785243279614902694,0.07,0.0
1785243279717279313,0.07,0.0
1785243279816020156,0.07,0.0
1785243279851857954,0.07500000000000001,0.0
1785243279952553704,0.08,0.0
1785243280053168745,0.08,0.0
1785243280153755050,0.08,0.0
1785243280256292976,0.08,0.0
1785243280356875985,0.08,0.0
1785243280457495554,0.08,0.0
1785243280558144353,0.08,0.0
1785243280661782252,0.08,0.0
1785243280759657851,0.08,0.0
1785243280860647086,0.08,0.0
1785243280961116672,0.08,0.0
1785243281061638582,0.08,0.0
1785243281162287460,0.08,0.0
1785243281262848987,0.08,0.0
1785243281369834407,0.08,0.0
1785243281469960572,0.08,0.0
1785243281567477229,0.08,0.0
1785243281670466288,0.08,0.0
1785243281770745331,0.08,0.0
1785243281871254726,0.08,0.0
1785243281977820896,0.08,0.0
1785243282075017687,0.08,0.0
1785243282177780613,0.08,0.0
1785243282277177490,0.08,0.0
1785243282380129977,0.08,0.0
1785243282481682153,0.08,0.0
1785243282582780421,0.08,0.0
1785243282685814207,0.08,0.0
1785243282784902280,0.08,0.0
1785243282889732151,0.08,0.0
1785243282987256583,0.08,0.0
1785243283001810511,0.085,0.0
1785243283100766370,0.09,0.0
1785243283202378367,0.09,0.0
1785243283305741082,0.09,0.0
1785243283305932728,0.095,0.0
1785243283410010411,0.09999999999999999,0.0
1785243283514754861,0.09999999999999999,0.0
1785243283611507838,0.09999999999999999,0.0
1785243283712216623,0.09999999999999999,0.0
1785243283812701470,0.09999999999999999,0.0
1785243283913418261,0.09999999999999999,0.0
1785243283999571105,0.105,0.0
1785243284100188752,0.10999999999999999,0.0
1785243284200832168,0.10999999999999999,0.0
1785243284301508150,0.10999999999999999,0.0
1785243284402161746,0.10999999999999999,0.0
1785243284502853238,0.10999999999999999,0.0
1785243284605822387,0.10999999999999999,0.0
1785243284704314193,0.10999999999999999,0.0
1785243284804977587,0.10999999999999999,0.0
1785243284905544725,0.10999999999999999,0.0
1785243285006259915,0.10999999999999999,0.0
1785243285106796803,0.10999999999999999,0.0
1785243285207478545,0.10999999999999999,0.0
1785243285310276770,0.10999999999999999,0.0
1785243285409632156,0.10999999999999999,0.0
1785243285509833603,0.10999999999999999,0.0
1785243285610201231,0.10999999999999999,0.0
1785243285710984897,0.10999999999999999,0.0
1785243285811734420,0.10999999999999999,0.0
1785243285912354594,0.10999999999999999,0.0
1785243286018064849,0.10999999999999999,0.0
1785243286119081717,0.10999999999999999,0.0
1785243286219545673,0.10999999999999999,0.0
1785243286321892554,0.10999999999999999,0.0
1785243286419967114,0.10999999999999999,0.0
1785243286522217965,0.10999999999999999,0.0
1785243286625793202,0.10999999999999999,0.0
1785243286725769173,0.10999999999999999,0.0
1785243286823926409,0.10999999999999999,0.0
1785243286871710646,0.10999999999999999,0.05
1785243286972421175,0.10999999999999999,0.1
1785243287073139678,0.10999999999999999,0.1
1785243287124133793,0.10999999999999999,0.15000000000000002
1785243287224867948,0.10999999999999999,0.2
1785243287327996748,0.10999999999999999,0.25
1785243287427481623,0.10999999999999999,0.3
1785243287516679446,0.10999999999999999,0.35
1785243287617261423,0.10999999999999999,0.39999999999999997
1785243287721164278,0.10999999999999999,0.4
1785243287821773425,0.10999999999999999,0.4
1785243287929760700,0.10999999999999999,0.4
1785243288026781652,0.10999999999999999,0.4
1785243288127975690,0.10999999999999999,0.4
1785243288228236991,0.10999999999999999,0.4
1785243288329012924,0.10999999999999999,0.4
1785243288434399776,0.10999999999999999,0.4
1785243288535061883,0.10999999999999999,0.4
1785243288635799458,0.10999999999999999,0.4
1785243288736535560,0.10999999999999999,0.4
1785243288837093230,0.10999999999999999,0.4
1785243288942110016,0.10999999999999999,0.4
1785243289043114045,0.10999999999999999,0.4
1785243289144469967,0.10999999999999999,0.4
1785243289244982068,0.10999999999999999,0.4
1785243289345519219,0.10999999999999999,0.4
1785243289446155985,0.10999999999999999,0.4
1785243289546871477,0.10999999999999999,0.4
1785243289647515497,0.10999999999999999,0.4
1785243289748162665,0.10999999999999999,0.4
1785243289856241785,0.10999999999999999,0.4
1785243289954959867,0.10999999999999999,0.4
1785243290056268004,0.10999999999999999,0.4
1785243290157284117,0.10999999999999999,0.4
1785243290265680900,0.10999999999999999,0.4
1785243290362640855,0.10999999999999999,0.4
1785243290466171164,0.10999999999999999,0.4
1785243290566863799,0.10999999999999999,0.4
1785243290667374570,0.10999999999999999,0.4
1785243290769776590,0.10999999999999999,0.4
1785243290869059172,0.10999999999999999,0.4
1785243290970421115,0.10999999999999999,0.4
1785243291070926282,0.10999999999999999,0.4
1785243291172208830,0.10999999999999999,0.4
1785243291273958086,0.10999999999999999,0.4
1785243291374581346,0.10999999999999999,0.4
1785243291475132664,0.10999999999999999,0.4
1785243291563697086,0.10999999999999999,0.4
1785243291666908900,0.10999999999999999,0.4
1785243291764946472,0.10999999999999999,0.4
1785243291865891015,0.10999999999999999,0.4
1785243291973694392,0.10999999999999999,0.4
1785243292070580429,0.10999999999999999,0.4
1785243292171213608,0.10999999999999999,0.4
1785243292271869322,0.10999999999999999,0.4
1785243292372342307,0.10999999999999999,0.4
1785243292473021297,0.10999999999999999,0.4
1785243292525705094,0.10999999999999999,0.4
1785243292621756133,0.10999999999999999,0.4
1785243292719342748,0.10999999999999999,0.4
1785243292820375473,0.10999999999999999,0.4
1785243292924385217,0.10999999999999999,0.4
1785243293023201370,0.10999999999999999,0.4
1785243293125907720,0.10999999999999999,0.4
1785243293225121801,0.10999999999999999,0.4
1785243293325246015,0.10999999999999999,0.4
1785243293346318518,0.10999999999999999,0.4
1785243293446953912,0.10999999999999999,0.4
1785243293547473748,0.10999999999999999,0.4
1785243293648102840,0.10999999999999999,0.4
1785243293748695299,0.10999999999999999,0.4
1785243293849332977,0.10999999999999999,0.4
1785243293950042918,0.10999999999999999,0.4
1785243294050618023,0.10999999999999999,0.4
1785243294151295851,0.10999999999999999,0.4
1785243294251939651,0.10999999999999999,0.4
1785243294352565907,0.10999999999999999,0.4
1785243294453281919,0.10999999999999999,0.4
1785243294554406837,0.10999999999999999,0.4
1785243294655021800,0.10999999999999999,0.4
1785243294709726309,0.0,0.0
1785243294810173533,0.0,0.0
1785243294910795420,0.0,0.0
1785243295011387447,0.0,0.0
1785243295111992893,0.0,0.0
1785243295212623598,0.0,0.0
1785243295313210782,0.0,0.0
1785243295413895021,0.0,0.0
1785243295514532838,0.0,0.0
1785243295615145226,0.0,0.0
1785243295715765730,0.0,0.0
1785243295816672555,0.0,0.0
1785243295916850561,0.0,0.0
1785243296017583455,0.0,0.0
1785243296118224529,0.0,0.0
1785243296218923777,0.0,0.0
1785243296319446369,0.0,0.0
1785243296420159133,0.0,0.0
1785243296520775248,0.0,0.0
1785243296621438220,0.0,0.0
1785243296722142864,0.0,0.0
1785243296822848304,0.0,0.0
1785243296929703497,0.0,0.0
1785243297029652113,0.0,0.0
1785243297128623381,0.0,0.0
1785243297229718777,0.0,0.0
1785243297330362315,0.0,0.0
1785243297431050211,0.0,0.0
1785243297531680905,0.0,0.0
1785243297632668900,0.0,0.0
1785243297733292670,0.0,0.0
1785243297837705842,0.0,0.0
1785243297934974071,0.0,0.0
1785243298033863640,0.0,0.0
1785243298134491598,0.0,0.0
1785243298235394375,0.0,0.0
1785243298337160567,0.0,0.0
1785243298436839624,0.0,0.0
1785243298537218984,0.0,0.0
1785243298640102737,0.0,0.0
1785243298740026524,0.0,0.0
1785243298845067829,0.0,0.0
1785243298948703476,0.0,0.0
1785243299046364225,0.0,0.0
1785243299147109253,0.0,0.0
1785243299247654764,0.0,0.0
1785243299348395053,0.0,0.0
1785243299449057654,0.0,0.0
1785243299549744538,0.0,0.0
1785243299650395862,0.0,0.0
1785243299752186611,0.0,0.0
1785243299856869142,0.0,0.0
1785243299958381040,0.0,0.0
1785243300059083649,0.0,0.0
1785243300159721848,0.0,0.0
1785243300260372611,0.0,0.0
1785243300361159351,0.0,0.0
1785243300461946581,0.0,0.0
1785243300562975531,0.0,0.0
1785243300668087870,0.0,0.0
1785243300764973698,0.0,0.0
1785243300872004436,0.0,0.0
1785243300967184678,0.0,0.0
1785243301076027179,0.0,0.0
1785243301173176594,0.0,0.0
1785243301280027067,0.0,0.0
1785243301374527828,0.0,0.0
1785243301475164974,0.0,0.0
1785243301575879623,0.0,0.0
1785243301676562729,0.0,0.0
1785243301777386571,0.0,0.0
1785243301878105147,0.0,0.0
1785243301978757764,0.0,0.0
1785243302079563961,0.0,0.0
1785243302180419476,0.0,0.0
1785243302281310039,0.0,0.0
1785243302388052591,0.0,0.0
1785243302484631999,0.0,0.0
1785243302585578722,0.0,0.0
1785243302687204697,0.0,0.0
1785243302788556957,0.0,0.0
1785243302892465057,0.0,0.0
1785243302992896191,0.0,0.0
1785243303093469440,0.0,0.0
1785243303194294578,0.0,0.0
1785243303296631996,0.0,0.0
1785243303397251115,0.0,0.0
1785243303497697173,0.0,0.0
1785243303573268517,0.0,-0.05
1785243303680027333,0.0,-0.1
1785243303773517421,0.0,-0.1
1785243303876003173,0.0,-0.1
1785243303975065563,0.0,-0.1
1785243304016325282,0.0,-0.15000000000000002
1785243304119714860,0.0,-0.2
1785243304220395718,0.0,-0.2
1785243304321017290,0.0,-0.2
1785243304412667411,0.0,-0.25
1785243304513117266,0.0,-0.3
1785243304615656488,0.0,-0.30000000000000004
1785243304715653575,0.0,-0.30000000000000004
1785243304814531588,0.0,-0.30000000000000004
1785243304915130866,0.0,-0.30000000000000004
1785243305018472841,0.0,-0.30000000000000004
1785243305116921452,0.0,-0.30000000000000004
1785243305217562011,0.0,-0.30000000000000004
1785243305318135537,0.0,-0.30000000000000004
1785243305418730939,0.0,-0.30000000000000004
1785243305519334916,0.0,-0.30000000000000004
1785243305620004432,0.0,-0.30000000000000004
1785243305720516008,0.0,-0.30000000000000004
1785243305821202998,0.0,-0.30000000000000004
1785243305924213714,0.0,-0.30000000000000004
1785243306033214630,0.0,-0.30000000000000004
1785243306132380021,0.0,-0.30000000000000004
1785243306229946080,0.0,-0.30000000000000004
1785243306332109507,0.0,-0.30000000000000004
1785243306431144152,0.0,-0.30000000000000004
1785243306524078386,0.0,-0.35000000000000003
1785243306622143455,0.0,-0.4
1785243306722723786,0.0,-0.4
1785243306823394895,0.0,-0.4
1785243306924031996,0.0,-0.4
1785243307027811790,0.0,-0.4
1785243307132072686,0.0,-0.4
1785243307236452068,0.0,-0.4
1785243307336000244,0.0,-0.4
1785243307433748573,0.0,-0.4
1785243307534363330,0.0,-0.4
1785243307635047936,0.0,-0.4
1785243307735691460,0.0,-0.4
1785243307836362319,0.0,-0.4
1785243307937079748,0.0,-0.4
1785243308037745828,0.0,-0.4
1785243308138346208,0.0,-0.4
1785243308238942279,0.0,-0.4
1785243308339536568,0.0,-0.4
1785243308440116498,0.0,-0.4
1785243308540732007,0.0,-0.4
1785243308641386193,0.0,-0.4
1785243308744059266,0.0,-0.4
1785243308844714544,0.0,-0.4
1785243308945274235,0.0,-0.4
1785243309045901395,0.0,-0.4
1785243309146485145,0.0,-0.4
1785243309247156374,0.0,-0.4
1785243309347850155,0.0,-0.4
1785243309448616372,0.0,-0.4
1785243309552134904,0.0,-0.4
1785243309651392772,0.0,-0.4
1785243309752054693,0.0,-0.4
1785243309852640815,0.0,-0.4
1785243309953215564,0.0,-0.4
1785243310053799502,0.0,-0.4
1785243310154480741,0.0,-0.4
1785243310260023882,0.0,-0.4
1785243310356908507,0.0,-0.4
1785243310457419782,0.0,-0.4
1785243310558021234,0.0,-0.4
1785243310658720508,0.0,-0.4
1785243310759254025,0.0,-0.4
1785243310859847554,0.0,-0.4
1785243310960481871,0.0,-0.4
1785243311061167438,0.0,-0.4
1785243311164304862,0.0,-0.4
1785243311268134374,0.0,-0.4
1785243311366157266,0.0,-0.4
1785243311472400650,0.0,-0.4
1785243311570222945,0.0,-0.4
1785243311676719860,0.0,-0.4
1785243311784067919,0.0,-0.4
1785243311878104719,0.0,-0.4
1785243311978891865,0.0,-0.4
1785243312079477773,0.0,-0.4
1785243312180121325,0.0,-0.4
1785243312284566625,0.0,-0.4
1785243312385052777,0.0,-0.4
1785243312485889862,0.0,-0.4
1785243312586590257,0.0,-0.4
1785243312687609071,0.0,-0.4
1785243312788586684,0.0,-0.4
1785243312889219565,0.0,-0.4
1785243312990159715,0.0,-0.4
1785243313090793738,0.0,-0.4
1785243313191375623,0.0,-0.4
1785243313292112896,0.0,-0.4
1785243313394621887,0.0,-0.4
1785243313495243426,0.0,-0.4
1785243313595807781,0.0,-0.4
1785243313696441023,0.0,-0.4
1785243313796999508,0.0,-0.4
1785243313897581448,0.0,-0.4
1785243313998101267,0.0,-0.4
1785243314098938362,0.0,-0.4
1785243314199468250,0.0,-0.4
1785243314300234204,0.0,-0.4
1785243314402079903,0.0,-0.4
1785243314504480149,0.0,-0.4
1785243314604154854,0.0,-0.4
1785243314712012092,0.0,-0.4
1785243314809154110,0.0,-0.4
1785243314909729887,0.0,-0.4
1785243315010480964,0.0,-0.4
1785243315111072634,0.0,-0.4
1785243315211643763,0.0,-0.4
1785243315312289941,0.0,-0.4
1785243315412873914,0.0,-0.4
1785243315513801470,0.0,-0.4
1785243315614175629,0.0,-0.4
1785243315716681323,0.0,-0.4
1785243315817253245,0.0,-0.4
1785243315918005211,0.0,-0.4
1785243316018638203,0.0,-0.4
1785243316119287006,0.0,-0.4
1785243316219810751,0.0,-0.4
1785243316320355919,0.0,-0.4
1785243316421011214,0.0,-0.4
1785243316521693133,0.0,-0.4
1785243316622464107,0.0,-0.4
1785243316722918185,0.0,-0.4
1785243316798927892,0.0,0.0
1785243316899426778,0.0,0.0
1785243317000159637,0.0,0.0
1785243317100744193,0.0,0.0
1785243317201443235,0.0,0.0
1785243317301967292,0.0,0.0
1785243317402521157,0.0,0.0
1785243317503123217,0.0,0.0
1785243317603682823,0.0,0.0
1785243317704330273,0.0,0.0
1785243317804979628,0.0,0.0
1785243317905702166,0.0,0.0
1785243318006305199,0.0,0.0
1785243318106979943,0.0,0.0
1785243318207653474,0.0,0.0
1785243318308365101,0.0,0.0
1785243318409054756,0.0,0.0
1785243318514465077,0.0,0.0
1785243318620012736,0.0,0.0
1785243318720080415,0.0,0.0
1785243318818098396,0.0,0.0
1785243318918356046,0.0,0.0
1785243319019161598,0.0,0.0
1785243319119794159,0.0,0.0
1785243319220488853,0.0,0.0
1785243319322904850,0.0,0.0
1785243319428024073,0.0,0.0
1785243319524137859,0.0,0.0
1785243319624707844,0.0,0.0
1785243319725309825,0.0,0.0
1785243319826118651,0.0,0.0
1785243319926859323,0.0,0.0
1785243320028789627,0.0,0.0
1785243320129440492,0.0,0.0
1785243320231077378,0.0,0.0
1785243320331678365,0.0,0.0
1785243320340602357,0.0,0.0
1785243320441211891,0.0,0.0
1785243320541793539,0.0,0.0
1785243320642399687,0.0,0.0
1785243320743047536,0.0,0.0
1785243320843675325,0.0,0.0
1785243320944330701,0.0,0.0
1785243321044953912,0.0,0.0
1785243321145579135,0.0,0.0
1785243321246293056,0.0,0.0
1785243321346833502,0.0,0.0
1785243321435616814,0.0,0.0
1785243321536344742,0.0,0.0
1785243321636969466,0.0,0.0
1785243321737739576,0.0,0.0
1785243321838253792,0.0,0.0
1785243321938880720,0.0,0.0
1785243322039471768,0.0,0.0
1785243322047447393,0.0,0.0
1785243322148220439,0.0,0.0
1785243322248952554,0.0,0.0
1785243322349517160,0.0,0.0
1785243322450127676,0.0,0.0
1785243322550840003,0.0,0.0
1785243322651500437,0.0,0.0
1785243322752040674,0.0,0.0
1785243322855970673,0.0,0.0
1785243322956501822,0.0,0.0
1785243323008808138,0.0,0.0
1785243323109460527,0.0,0.0
1785243323210589563,0.0,0.0
1785243323310608124,0.0,0.0
1785243323411325210,0.0,0.0
1785243323511881940,0.0,0.0
1785243323612564598,0.0,0.0
1785243323713007364,0.0,0.0
1785243323813672808,0.0,0.0
1785243323914036288,0.0,0.0
1785243324014807640,0.0,0.0
1785243324019955090,0.005,0.0
1785243324120387405,0.01,0.0
1785243324221107777,0.01,0.0
1785243324321693224,0.01,0.0
1785243324334183434,0.015,0.0
1785243324433728914,0.02,0.0
1785243324534351935,0.02,0.0
1785243324610294035,0.025,0.0
1785243324710780135,0.03,0.0
1785243324811447754,0.03,0.0
1785243324912213676,0.03,0.0
1785243325012673565,0.03,0.0
1785243325113316555,0.03,0.0
1785243325213996447,0.03,0.0
1785243325318482019,0.03,0.0
1785243325417011270,0.03,0.0
1785243325517960782,0.03,0.0
1785243325624077640,0.03,0.0
1785243325721033779,0.03,0.0
1785243325821718270,0.03,0.0
1785243325922228599,0.03,0.0
1785243326022806040,0.03,0.0
1785243326123383913,0.03,0.0
1785243326231614214,0.03,0.0
1785243326336184643,0.03,0.0
1785243326429800483,0.03,0.0
1785243326530440598,0.03,0.0
1785243326630846782,0.03,0.0
1785243326731520612,0.03,0.0
1785243326832135277,0.03,0.0
1785243326937445692,0.03,0.0
1785243327040361395,0.03,0.0
1785243327136716827,0.03,0.0
1785243327238980169,0.03,0.0
1785243327339526645,0.03,0.0
1785243327440290797,0.03,0.0
1785243327545605026,0.03,0.0
1785243327645371742,0.03,0.0
1785243327746286307,0.03,0.0
1785243327847064334,0.03,0.0
1785243327947650165,0.03,0.0
1785243328046928354,0.03,0.0
1785243328148137735,0.03,0.0
1785243328248516981,0.03,0.0
1785243328349229751,0.03,0.0
1785243328450337643,0.03,0.0
1785243328453749914,0.03,0.05
1785243328554425120,0.03,0.1
1785243328654950642,0.03,0.1
1785243328755643233,0.03,0.1
1785243328857287275,0.03,0.1
1785243328904509223,0.03,0.15000000000000002
1785243329005030276,0.03,0.2
1785243329105702525,0.03,0.2
1785243329206396997,0.03,0.2
1785243329310495017,0.03,0.2
1785243329413449525,0.03,0.2
1785243329511778597,0.03,0.2
1785243329612295051,0.03,0.2
1785243329712908015,0.03,0.2
1785243329813544405,0.03,0.2
1785243329914250897,0.03,0.2
1785243330015115969,0.03,0.2
1785243330115887073,0.03,0.2
1785243330216497892,0.03,0.2
1785243330317199830,0.03,0.2
1785243330417916872,0.03,0.2
1785243330518828917,0.03,0.2
1785243330619666470,0.03,0.2
1785243330722902791,0.03,0.2
1785243330823373806,0.03,0.2
1785243330923922673,0.03,0.2
1785243331026207752,0.03,0.2
1785243331127377175,0.03,0.2
1785243331227490355,0.03,0.2
1785243331330091728,0.03,0.2
1785243331428588268,0.03,0.2
1785243331529149189,0.03,0.2
1785243331634746757,0.03,0.2
1785243331733144840,0.03,0.2
1785243331833763374,0.03,0.2
1785243331934396157,0.03,0.2
1785243332034961407,0.03,0.2
1785243332135667544,0.03,0.2
1785243332236738293,0.03,0.2
1785243332337538043,0.03,0.2
1785243332437962247,0.03,0.2
1785243332538510715,0.03,0.2
1785243332642536460,0.03,0.2
1785243332739631246,0.03,0.2
1785243332840511553,0.03,0.2
1785243332941210916,0.03,0.2
1785243333041770726,0.03,0.2
1785243333146879953,0.03,0.2
1785243333254383007,0.03,0.2
1785243333348187149,0.03,0.2
1785243333448725405,0.03,0.2
1785243333549415379,0.03,0.2
1785243333650048542,0.03,0.2
1785243333751328424,0.03,0.2
1785243333851999822,0.03,0.2
1785243333952436419,0.03,0.2
1785243334052949599,0.03,0.2
1785243334153716833,0.03,0.2
1785243334258975846,0.03,0.2
1785243334354924236,0.03,0.2
1785243334455509015,0.03,0.2
1785243334556156985,0.03,0.2
1785243334656836812,0.03,0.2
1785243334758642288,0.03,0.2
1785243334861199811,0.03,0.2
1785243334961297236,0.03,0.2
1785243335062482149,0.03,0.2
1785243335163745476,0.03,0.2
1785243335263606528,0.03,0.2
1785243335364234090,0.03,0.2
1785243335464953245,0.03,0.2
1785243335570455925,0.03,0.2
1785243335667975274,0.03,0.2
1785243335774755278,0.03,0.2
1785243335871922767,0.03,0.2
1785243335972521417,0.03,0.2
1785243336073102314,0.03,0.2
1785243336174312050,0.03,0.2
1785243336274815750,0.03,0.2
1785243336375544471,0.03,0.2
1785243336476252466,0.03,0.2
1785243336576878135,0.03,0.2
1785243336677470805,0.03,0.2
1785243336778266971,0.03,0.2
1785243336878919399,0.03,0.2
1785243336982317171,0.03,0.2
1785243337086555950,0.03,0.2
1785243337184845551,0.03,0.2
1785243337222793713,0.0,0.0
1785243337323265069,0.0,0.0
1785243337423884601,0.0,0.0
1785243337524798203,0.0,0.0
1785243337626838684,0.0,0.0
1785243337728539745,0.0,0.0
1785243337827905594,0.0,0.0
1785243337930758614,0.0,0.0
1785243338029597456,0.0,0.0
1785243338130344204,0.0,0.0
1785243338231313928,0.0,0.0
1785243338338962438,0.0,0.0
1785243338432417772,0.0,0.0
1785243338532962885,0.0,0.0
1785243338633551846,0.0,0.0
1785243338734591020,0.0,0.0
1785243338836012590,0.0,0.0
1785243338937132275,0.0,0.0
1785243339036821192,0.0,0.0
1785243339137519843,0.0,0.0
1785243339238079405,0.0,0.0
1785243339343930115,0.0,0.0
1785243339441583891,0.0,0.0
1785243339486558516,0.0,0.0
